"CreatedById","CreatedDate","Description","DeveloperName","FolderName","Format","Id","IsDeleted","LastModifiedById","LastModifiedDate","LastReferencedDate","LastRunDate","LastViewedDate","Name","NamespacePrefix","OwnerId","ReportTypeApiName","SystemModstamp"
"0050b000004MLGeAAO","2018-06-20T19:28:03.000Z","","Email2Case_KPI_Wp9","Public Reports","Summary","00O0b000004kSKkEAM","false","0050b000004MLGeAAO","2019-10-16T03:00:16.000Z","2022-06-20T02:04:59.000Z","2022-06-20T02:04:59.000Z","2022-06-20T02:04:59.000Z","Email2Case KPI","","00D0b000000GaMpEAK","CaseList@Case.MaritzCX__Survey_Response_Id__c","2022-06-20T02:04:59.000Z"
"0050b000004KRSoAAO","2021-08-18T13:14:25.000Z","","Milestone_Report_by_Pallavi_Reddy","Public Reports","Summary","00O2R000003JUgNUAW","false","0050b000004KRSoAAO","2021-08-19T07:27:05.000Z","2022-06-19T18:20:34.000Z","2022-04-18T05:30:14.000Z","2022-06-19T18:20:34.000Z","APJ RDC PM Team - Milestone Report","","00D0b000000GaMpEAK","Project_with_Order_Milestone_Product__c","2022-04-18T05:30:14.000Z"
"0050b000004KRSoAAO","2021-08-18T14:53:32.000Z","","APJ_RDC_PM_Current_Quarter_Milestones","Public Reports","Summary","00O2R000003JUh6UAG","false","0050b000004KRSoAAO","2021-08-19T07:08:48.000Z","","2022-05-25T08:03:16.000Z","","APJ RDC PM - Current Quarter Milestones","","00D0b000000GaMpEAK","Project_with_Order_Milestone_Product__c","2022-05-25T08:03:16.000Z"
"0050b000004KVKcAAO","2021-05-06T17:43:54.000Z","Show QTD Earned Revenue - Milestones that have been taken this quarter","C_C_QTD_Earned_Revenue1","Public Reports","Summary","00O2R000003s1qaUAA","false","0050b000004KVKcAAO","2021-08-09T21:37:07.000Z","2022-06-19T18:20:37.000Z","2022-06-15T20:56:37.000Z","2022-06-19T18:20:37.000Z","C&C - QTD Earned Revenue","","00D0b000000GaMpEAK","","2022-06-15T20:56:37.000Z"
"0052R000009nJKyQAM","2020-08-06T07:00:50.000Z","","Germany_Swivel_Projects_2","Public Reports","Tabular","00O2R000003rzEdUAI","false","0050b000004KUjyAAG","2020-09-01T13:03:59.000Z","","2021-10-28T19:18:37.000Z","","Germany Swivel Projects CFQ","","00D0b000000GaMpEAK","","2021-10-28T19:18:37.000Z"
"0050b000004dgkKAAQ","2017-08-15T17:20:40.000Z","What documents are in the document library?","SampleReportDocumentLibrary","Public Reports","Summary","00O0b000004RmskEAC","false","0050b000004dgkKAAQ","2017-08-15T17:20:40.000Z","2022-06-19T17:40:18.000Z","2022-06-19T17:40:18.000Z","2022-06-19T17:40:18.000Z","Sample Report: Document Library","","00D0b000000GaMpEAK","DocumentList","2022-06-19T17:40:18.000Z"
"0050b000004dgkKAAQ","2017-08-15T17:20:40.000Z","Who has the most open cases?","SampleReportCasesStatusbyRep","Public Reports","Matrix","00O0b000004VYLmEAO","false","0050b000004dgkKAAQ","2017-08-15T17:20:40.000Z","","2022-03-29T23:14:25.000Z","","Sample Report: Cases Status by Rep","","00D0b000000GaMpEAK","CaseList@Case.MaritzCX__Survey_Response_Id__c","2022-03-29T23:14:25.000Z"
"0050b000004KVKcAAO","2021-07-16T15:16:13.000Z","Cyber Recovery Projects","C_C_Cyber_Recovery_Projects","Public Reports","Summary","00O2R000003JT8tUAG","false","0050b000004KVKcAAO","2021-07-16T16:26:57.000Z","","2022-01-04T13:56:01.000Z","","C&C - Cyber Recovery Projects","","00D0b000000GaMpEAK","Projects_with_MilestoneOrder_and_Order_Product__c","2022-01-04T13:56:01.000Z"
"0050b000004dgkKAAQ","2017-08-15T17:20:40.000Z","How many accounts are being added to Salesforce?","SampleReportofAccounts","Public Reports","Matrix","00O0b000004RmsjEAC","false","0050b000004dgkKAAQ","2017-08-15T17:20:40.000Z","","2022-02-09T20:16:36.000Z","","Sample Report: # of Accounts","","00D0b000000GaMpEAK","AccountList@Account.tz__DST_Setting__c","2022-02-09T20:16:36.000Z"
"0050b000004dgkKAAQ","2017-08-15T17:20:40.000Z","This report is used to power the embedded chart on the Accounts page.  Any changes made here will be reflected in that chart.","Opportunity_Amount_by_Stage_Sample","Public Reports","Summary","00O0b000004RmslEAC","false","0050b000004dgkKAAQ","2017-08-15T17:20:40.000Z","","2020-07-01T14:28:51.000Z","","Opportunity Amount by Stage (Sample)","","00D0b000000GaMpEAK","Opportunity","2020-07-01T14:28:51.000Z"
"0050b000004dgkKAAQ","2017-08-15T17:20:40.000Z","How much business have I closed so far?","SampleReportClosedSales","Public Reports","Matrix","00O0b000004VYLdEAO","false","0050b000004dgkKAAQ","2017-08-15T17:20:40.000Z","","2021-06-04T13:16:49.000Z","","Sample Report: Closed Sales","","00D0b000000GaMpEAK","Opportunity","2021-06-04T13:16:49.000Z"
"0050b000004dgkKAAQ","2017-08-15T17:20:40.000Z","How much pipeline is at each sales stage?","SampleReportSalesPipelinebyStage","Public Reports","Matrix","00O0b000004VYLeEAO","false","0050b000004dgkKAAQ","2017-08-15T17:20:40.000Z","","2021-08-30T11:52:38.000Z","","Sample Report: Sales Pipeline by Stage","","00D0b000000GaMpEAK","Opportunity","2021-08-30T11:52:38.000Z"
"0050b000004dgkKAAQ","2017-08-15T17:20:40.000Z","What deals have not closed yet?","SampleReportOpenDeals","Public Reports","Summary","00O0b000004VYLgEAO","false","0050b000004dgkKAAQ","2017-08-15T17:20:40.000Z","","2022-02-10T09:18:58.000Z","","Sample Report: Open Deals","","00D0b000000GaMpEAK","Opportunity","2022-02-10T09:18:58.000Z"
"0050b000004dgkKAAQ","2017-08-15T17:20:40.000Z","What pipeline do I have by close month?","SampleReportPipelineByCloseMonth","Public Reports","Matrix","00O0b000004VYLhEAO","false","0050b000004dgkKAAQ","2017-08-15T17:20:40.000Z","","2018-10-06T17:47:47.000Z","","Sample Report: Pipeline By Close Month","","00D0b000000GaMpEAK","Opportunity","2018-10-06T17:47:47.000Z"
"0050b000004dgkKAAQ","2017-08-15T17:20:40.000Z","How many leads has each lead source generated for me?","SampleReportLeadsbyLeadSource","Public Reports","Summary","00O0b000004VYLiEAO","false","0050b000004dgkKAAQ","2017-08-15T17:20:40.000Z","","2020-11-12T03:29:11.000Z","","Sample Report: Leads by Lead Source","","00D0b000000GaMpEAK","LeadList@Lead.tz__DST_Setting__c","2020-11-12T03:29:11.000Z"
"0050b000004dgkKAAQ","2017-08-15T17:20:40.000Z","Which accounts are generating the most sales opportunities?","SampleReportTopAccounts","Public Reports","Summary","00O0b000004VYLjEAO","false","0050b000004dgkKAAQ","2017-08-15T17:20:40.000Z","","2021-03-16T16:03:05.000Z","","Sample Report: Top Accounts","","00D0b000000GaMpEAK","Opportunity","2021-03-16T16:03:05.000Z"
"0050b000004dgkKAAQ","2017-08-15T17:20:40.000Z","How Many Solutions are Being Added to the Knowledgebase each Month?","SampleReportSolutionsAdded","Public Reports","Matrix","00O0b000004VYLkEAO","false","0050b000004dgkKAAQ","2017-08-15T17:20:40.000Z","","2022-01-05T17:41:45.000Z","","Sample Report: Solutions Added","","00D0b000000GaMpEAK","SolutionList","2022-01-05T17:41:45.000Z"
"0050b000004dgkKAAQ","2017-08-15T17:20:40.000Z","Who are my top sales reps?","SampleReportSalesLeaderboard","Public Reports","Matrix","00O0b000004VYLlEAO","false","0050b000004dgkKAAQ","2017-08-15T17:20:40.000Z","","2019-07-23T08:48:37.000Z","","Sample Report: Sales Leaderboard","","00D0b000000GaMpEAK","Opportunity","2019-07-23T08:48:37.000Z"
"0050b000004dgkKAAQ","2017-08-15T17:20:40.000Z","What is the status of leads created this quarter?","SampleReportsLeadsbyStatus","Public Reports","Matrix","00O0b000004VYLnEAO","false","0050b000004dgkKAAQ","2017-08-15T17:20:40.000Z","","2019-07-26T13:51:00.000Z","","Sample Reports: Leads by Status","","00D0b000000GaMpEAK","LeadList@Lead.tz__DST_Setting__c","2019-07-26T13:51:00.000Z"
"0050b000004dgkKAAQ","2017-08-15T17:20:40.000Z","How do sales this month correlate to prior months?","SampleReportMonthtoDateTrending","Public Reports","Matrix","00O0b000004VYLoEAO","false","0050b000004dgkKAAQ","2017-08-15T17:20:40.000Z","","2020-03-11T06:50:54.000Z","","Sample Report: Month to Date Trending","","00D0b000000GaMpEAK","Opportunity","2020-03-11T06:50:54.000Z"
"0050b000004dgkKAAQ","2017-08-15T17:20:40.000Z","What did the pipeline look like as of...","SampleReportPipelineHistory","Public Reports","Matrix","00O0b000004VYLpEAO","false","0050b000004dgkKAAQ","2017-08-15T17:20:40.000Z","","2021-08-30T11:53:25.000Z","","Sample Report: Pipeline History","","00D0b000000GaMpEAK","OpportunityTrend","2021-08-30T11:53:25.000Z"
"0050b000004dgkKAAQ","2017-08-15T17:20:40.000Z","How many documents have been added to Salesforce?","SampleReportofDocuments","Public Reports","Summary","00O0b000004VYLqEAO","false","0050b000004dgkKAAQ","2017-08-15T17:20:40.000Z","","2022-02-15T14:14:58.000Z","","Sample Report: # of Documents","","00D0b000000GaMpEAK","DocumentList","2022-02-15T14:14:58.000Z"
"0050b000004dgkKAAQ","2017-08-15T17:20:40.000Z","How many custom reports have we added to Salesforce?","SampleReportofReports","Public Reports","Summary","00O0b000004VYLrEAO","false","0050b000004dgkKAAQ","2017-08-15T17:20:40.000Z","","2022-05-10T15:26:26.000Z","","Sample Report: # of Reports","","00D0b000000GaMpEAK","ReportList","2022-05-10T15:26:26.000Z"
"0050b000004dgkKAAQ","2017-08-15T17:20:40.000Z","Who is not logging in?","SampleReportLoginWallofShame","Public Reports","Summary","00O0b000004VYLsEAO","false","0050b000004dgkKAAQ","2017-08-15T17:20:40.000Z","","2020-10-13T20:01:51.000Z","","Sample Report: Login Wall of Shame","","00D0b000000GaMpEAK","User","2020-10-13T20:01:51.000Z"
"0050b000004dgkKAAQ","2017-08-15T17:20:40.000Z","How many contacts do we have in Salesforce?","SampleReportofContacts","Public Reports","Summary","00O0b000004VYLuEAO","false","0050b000004dgkKAAQ","2017-08-15T17:20:40.000Z","","2022-04-12T08:23:11.000Z","","Sample Report: # of Contacts","","00D0b000000GaMpEAK","ContactList@Contact.tz__DST_Setting__c","2022-04-12T08:23:11.000Z"
"0050b000004dgkKAAQ","2017-08-15T17:20:40.000Z","How many solutions have been added to Salesforce?","SampleReportofSolutions","Public Reports","Summary","00O0b000004VYLvEAO","false","0050b000004dgkKAAQ","2017-08-15T17:20:40.000Z","","2019-07-26T15:39:42.000Z","","Sample Report: # of Solutions","","00D0b000000GaMpEAK","SolutionList","2019-07-26T15:39:42.000Z"
"0050b000004dgkKAAQ","2017-08-15T17:20:40.000Z","How many cases have been added to Salesforce?","SampleReportofCases","Public Reports","Summary","00O0b000004VYLtEAO","false","0050b000004dgkKAAQ","2017-08-15T17:20:40.000Z","","2022-06-06T14:52:44.000Z","","Sample Report: # of Cases","","00D0b000000GaMpEAK","CaseList@Case.MaritzCX__Survey_Response_Id__c","2022-06-06T14:52:44.000Z"
"0050b000004dgkKAAQ","2017-08-15T17:20:40.000Z","How many leads have we added to Salesforce?","SampleReportofLeads","Public Reports","Summary","00O0b000004VYLwEAO","false","0050b000004dgkKAAQ","2017-08-15T17:20:40.000Z","","2019-08-19T16:01:48.000Z","","Sample Report: # of Leads","","00D0b000000GaMpEAK","LeadList@Lead.tz__DST_Setting__c","2019-08-19T16:01:48.000Z"
"0050b000004dgkKAAQ","2017-08-15T17:20:40.000Z","Who are my active users?","SampleReportActiveUsers","Public Reports","Summary","00O0b000004VYLxEAO","false","0050b000004dgkKAAQ","2017-08-15T17:20:40.000Z","","2022-03-29T02:19:56.000Z","","Sample Report: Active Users","","00D0b000000GaMpEAK","User","2022-03-29T02:19:56.000Z"
"0050b000004dgkKAAQ","2017-08-15T17:20:40.000Z","How many tasks and activies are being added to Salesforce?","SampleReportofTasksandActivities","Public Reports","Matrix","00O0b000004VYLyEAO","false","0050b000004dgkKAAQ","2017-08-15T17:20:40.000Z","","2022-06-15T14:07:58.000Z","","Sample Report: # of Tasks and Activities","","00D0b000000GaMpEAK","Activity","2022-06-15T14:07:58.000Z"
"0050b000004dgkKAAQ","2017-08-15T17:20:40.000Z","Who is tweaking custom reports?","SampleReportLastModifiedBy","Public Reports","Summary","00O0b000004VYLzEAO","false","0050b000004dgkKAAQ","2017-08-15T17:20:40.000Z","","2019-06-06T15:20:43.000Z","","Sample Report: Last Modified By","","00D0b000000GaMpEAK","ReportList","2019-06-06T15:20:43.000Z"
"0050b000004dgkKAAQ","2017-08-15T17:20:40.000Z","How many opportunities are being added to Salesforce?","SampleReportofOpportunities","Public Reports","Summary","00O0b000004VYM0EAO","false","0050b000004dgkKAAQ","2017-08-15T17:20:40.000Z","","2021-03-16T09:38:12.000Z","","Sample Report: # of Opportunities","","00D0b000000GaMpEAK","Opportunity","2021-03-16T09:38:12.000Z"
"0050b000004dgkKAAQ","2017-08-15T17:20:40.000Z","Who is creating custom reports?","SampleReportCustomReportsbyUser","Public Reports","Summary","00O0b000004VYM1EAO","false","0050b000004dgkKAAQ","2017-08-15T17:20:40.000Z","","2021-06-08T18:00:16.000Z","","Sample Report: Custom Reports by User","","00D0b000000GaMpEAK","ReportList","2021-06-08T18:00:16.000Z"
"0050b000004dgkKAAQ","2017-08-15T17:20:40.000Z","How many open tasks do each of my users have?","SampleReportofOpenTasks","Public Reports","Matrix","00O0b000004VYM2EAO","false","0050b000004dgkKAAQ","2017-08-15T17:20:40.000Z","","2022-04-14T20:36:43.000Z","","Sample Report: # of Open Tasks","","00D0b000000GaMpEAK","Activity","2022-04-14T20:36:43.000Z"
"0050b000004dgkKAAQ","2017-08-15T17:20:40.000Z","Who is logging in the most?","SampleReportLoginLeaderboard","Public Reports","Summary","00O0b000004VYM3EAO","false","0050b000004dgkKAAQ","2017-08-15T17:20:40.000Z","","2020-10-21T05:08:03.000Z","","Sample Report: Login Leaderboard","","00D0b000000GaMpEAK","User","2020-10-21T05:08:03.000Z"
"0050b000004dgkKAAQ","2017-08-15T17:20:40.000Z","Which of my users are logging?","SampleReportUsersLoggedIn","Public Reports","Summary","00O0b000004VYM4EAO","false","0050b000004dgkKAAQ","2017-08-15T17:20:40.000Z","","2020-10-01T23:23:14.000Z","","Sample Report: Users Logged In","","00D0b000000GaMpEAK","User","2020-10-01T23:23:14.000Z"
"0052R000009pbzxQAA","2021-08-17T19:14:50.000Z","For checking which agents used the ""Current Status - Escalation"" in their Task creation in the past week.","Current_Status_Escalation_Use2","Public Reports","Summary","00O2R000003JUf5UAG","false","0052R000009pbzxQAA","2021-08-17T19:30:59.000Z","","2022-05-13T03:11:01.000Z","","Current Status Escalation Use","","00D0b000000GaMpEAK","Activity","2022-05-13T03:11:01.000Z"
"0050b000004JzMqAAK","2018-09-28T09:58:13.000Z","","OSP_Invoicing_Report","Public Reports","Summary","00O0b000004kf2uEAA","false","0050b000004MLUkAAO","2019-09-27T20:08:16.000Z","","2022-06-16T12:19:17.000Z","","OSP Invoicing Report","","00D0b000000GaMpEAK","Live_Agent_Session_with_agent_details__c","2022-06-16T12:19:17.000Z"
"0050b000004K5i0AAC","2018-11-11T03:50:22.000Z","","IDS_Order_Amount_by_Order_Status","Public Reports","Summary","00O0b000004kkfbEAA","false","0050b000004K5i0AAC","2018-11-11T03:50:22.000Z","","2020-10-23T11:27:38.000Z","","IDS Order Amount by Order Status","","00D0b000000GaMpEAK","OrderItemList@Account.tz__DST_Setting__c","2020-10-23T11:27:38.000Z"
"0050b000004K5i0AAC","2018-11-11T03:50:22.000Z","","Order_Amount_by_Status","Public Reports","Summary","00O0b000004kkfcEAA","false","0050b000004K5i0AAC","2018-11-11T03:50:22.000Z","","2019-05-08T21:56:01.000Z","","Order Amount by Status","","00D0b000000GaMpEAK","OrderItemList@Account.tz__DST_Setting__c","2019-05-08T21:56:01.000Z"
"0050b000004K5i0AAC","2018-11-11T03:50:22.000Z","","Order_Status_by_Account_with_Product_Det","Public Reports","Summary","00O0b000004kkfdEAA","false","0050b000004K5i0AAC","2018-11-11T03:50:22.000Z","","2020-08-13T09:14:54.000Z","","Order Status by Account with Product Det","","00D0b000000GaMpEAK","OrderItemList@Account.tz__DST_Setting__c","2020-08-13T09:14:54.000Z"
"0050b000004K5i0AAC","2018-11-11T03:50:22.000Z","","Orders_with_Products_Demo","Public Reports","Summary","00O0b000004kkfeEAA","false","0050b000004K5i0AAC","2018-11-11T03:50:22.000Z","","2021-11-08T14:35:14.000Z","","Orders with Products Demo","","00D0b000000GaMpEAK","OrderItemList@Account.tz__DST_Setting__c","2021-11-08T14:35:14.000Z"
"0050b000004K5i0AAC","2018-11-11T03:50:22.000Z","","Orders_without_Projects_by_Account","Public Reports","Summary","00O0b000004kkffEAA","false","0050b000004K5i0AAC","2018-11-11T03:50:22.000Z","","2018-12-18T18:01:11.000Z","","Orders without Projects by Account","","00D0b000000GaMpEAK","Orders_without_Products__c","2018-12-18T18:01:11.000Z"
"0050b000004K5i0AAC","2018-11-11T03:50:22.000Z","","PSA_IDS_Global_Demand_Project_Count_QTD","Public Reports","Summary","00O0b000004kkfgEAA","false","0050b000004K5i0AAC","2018-11-11T03:50:23.000Z","","2021-07-12T11:23:45.000Z","","IDS Global Demand - Project Count QTD","","00D0b000000GaMpEAK","","2021-07-12T11:23:45.000Z"
"0050b000004K5i0AAC","2018-11-11T03:50:23.000Z","","PSA_IDS_Global_Demand_Project_Revenue_QTD","Public Reports","Summary","00O0b000004kkfhEAA","false","0050b000004K5i0AAC","2018-11-11T03:50:23.000Z","","2022-06-03T08:28:48.000Z","","IDS Global Demand - Project Revenue QTD","","00D0b000000GaMpEAK","","2022-06-03T08:28:48.000Z"
"0050b000004K5i0AAC","2018-11-11T03:50:23.000Z","","PSA_IDS_Order_Count_by_Order_Status","Public Reports","Summary","00O0b000004kkfiEAA","false","0050b000004K5i0AAC","2018-11-11T03:50:23.000Z","","2019-09-26T09:06:03.000Z","","IDS Order Count by Order Status","","00D0b000000GaMpEAK","OrderItemList@Account.tz__DST_Setting__c","2019-09-26T09:06:03.000Z"
"0050b000004K5i0AAC","2018-11-11T03:50:23.000Z","","PSA_IDS_WIP_Project_Count_QTD","Public Reports","Summary","00O0b000004kkfjEAA","false","0050b000004K5i0AAC","2018-11-11T03:50:23.000Z","","2021-07-12T11:23:12.000Z","","IDS - WIP Project Count QTD","","00D0b000000GaMpEAK","","2021-07-12T11:23:12.000Z"
"0050b000004K5i0AAC","2018-11-11T03:50:23.000Z","","PSA_IDS_WIP_Project_Rev_by_OnHold_Reason","Public Reports","Summary","00O0b000004kkflEAA","false","0050b000004K5i0AAC","2018-11-11T03:50:23.000Z","","2020-09-04T13:07:08.000Z","","IDS - WIP Project Rev by OnHold Reason","","00D0b000000GaMpEAK","","2020-09-04T13:07:08.000Z"
"0050b000004K5i0AAC","2018-11-11T03:50:23.000Z","","PSA_IDS_WIP_Revenue_QTD","Public Reports","Summary","00O0b000004kkfmEAA","false","0050b000004K5i0AAC","2018-11-11T03:50:23.000Z","","2021-10-13T11:21:49.000Z","","IDS - WIP Revenue QTD","","00D0b000000GaMpEAK","","2021-10-13T11:21:49.000Z"
"0050b000004K5i0AAC","2018-11-11T03:50:23.000Z","","PSA_Project_Count_by_Project_Phase","Public Reports","Summary","00O0b000004kkfnEAA","false","0050b000004K5i0AAC","2018-11-11T03:50:23.000Z","","2021-10-14T08:40:37.000Z","","Project Count by Project Phase","","00D0b000000GaMpEAK","","2021-10-14T08:40:37.000Z"
"0050b000004K5i0AAC","2018-11-11T03:50:23.000Z","","PSA_QTD_Sum_of_OrderAmount_by_Status_Month","Public Reports","Summary","00O0b000004kkfoEAA","false","0050b000004K5i0AAC","2018-11-11T03:50:23.000Z","","2019-09-03T14:04:31.000Z","","QTD Sum of OrderAmount by Status & Month","","00D0b000000GaMpEAK","OrderItemList@Account.tz__DST_Setting__c","2019-09-03T14:04:31.000Z"
"0050b000004K5i0AAC","2018-11-11T03:50:24.000Z","","PSA_Reconciliation_Report","Public Reports","Tabular","00O0b000004kkfpEAA","false","0050b000004K5i0AAC","2018-11-11T03:50:24.000Z","","2019-01-29T03:27:34.000Z","","Reconciliation Report","","00D0b000000GaMpEAK","psa_projects_with_orders__c","2019-01-29T03:27:34.000Z"
"0050b000004K5i0AAC","2018-11-11T03:50:24.000Z","","Project_Count_by_Phase_and_Region","Public Reports","Summary","00O0b000004kkfqEAA","false","0050b000004K5i0AAC","2018-11-11T03:50:24.000Z","","2019-07-30T19:01:58.000Z","","Project Count by Phase and Region","","00D0b000000GaMpEAK","","2019-07-30T19:01:58.000Z"
"0050b000004K5i0AAC","2018-11-11T03:50:24.000Z","","Project_Status_Count_by_Status","Public Reports","Summary","00O0b000004kkfrEAA","false","0050b000004K5i0AAC","2018-11-11T03:50:24.000Z","","2020-01-20T19:43:45.000Z","","Project Status Count by Status","","00D0b000000GaMpEAK","","2020-01-20T19:43:45.000Z"
"0050b000004K5i0AAC","2018-11-11T03:50:24.000Z","","QTD_Completed_Projects_by_Region","Public Reports","Summary","00O0b000004kkfsEAA","false","0050b000004K5i0AAC","2018-11-11T03:50:24.000Z","","2020-10-19T14:21:04.000Z","","QTD Completed Projects by Region","","00D0b000000GaMpEAK","","2020-10-19T14:21:04.000Z"
"0050b000004MLGeAAO","2019-02-01T02:08:03.000Z","","User_Onboarding111","Public Reports","Tabular","00O0b000004kv6JEAQ","false","0050b000004MLGeAAO","2019-02-01T02:08:03.000Z","","2021-02-22T16:18:48.000Z","","User Onboarding Report","","00D0b000000GaMpEAK","User","2021-02-22T16:18:48.000Z"
"0050b000004JzMqAAK","2019-02-12T10:59:47.000Z","","Admin_Reports","Public Reports","Tabular","00O0b000004kwXBEAY","false","0050b000004MLeRAAW","2021-05-07T09:30:11.000Z","","2022-06-09T21:34:16.000Z","","Reports with or w/o Dashboards","","00D0b000000GaMpEAK","Admin_Reports__c","2022-06-09T21:34:16.000Z"
"0050b000004KTsmAAG","2019-06-14T14:00:18.000Z","All orders with Order Processing Code of W (Walked) or V (Walked Credit)","Global_Walked_Orders","Public Reports","Summary","00O0b000005yMHZEA2","false","0050b000004KTsmAAG","2021-05-24T23:25:39.000Z","","2021-08-24T19:48:44.000Z","","Global Walked Orders","","00D0b000000GaMpEAK","OrderList@Account.tz__DST_Setting__c","2021-08-24T19:48:44.000Z"
"0050b000004KTsmAAG","2019-06-12T15:49:27.000Z","All US and CA projects with the Solution_VxRail skills on the PM Activities WO/Task.","NAMER_VxRail_Projects","Public Reports","Tabular","00O0b000005yLzaEAE","false","0050b000004KTsmAAG","2020-07-28T02:21:40.000Z","","2022-05-17T22:00:11.000Z","","NAMER - VxRail Projects","","00D0b000000GaMpEAK","Project_Skills__c","2022-05-17T22:00:11.000Z"
"0050b000004KBqZAAW","2019-06-05T14:15:01.000Z","","LATAM_Order_Status","Public Reports","Summary","00O0b000005yKwGEAU","false","0050b000004KBqZAAW","2019-06-05T14:15:01.000Z","","2021-03-11T20:10:27.000Z","","LATAM Order Status","","00D0b000000GaMpEAK","OrderItemList@Account.tz__DST_Setting__c","2021-03-11T20:10:27.000Z"
"0050b000004KQK2AAO","2019-06-27T08:38:07.000Z","","GC_RDC_Team_Report_with_SA_Status","Public Reports","Tabular","00O0b000005yO8UEAU","false","0050b000004KQK2AAO","2019-06-27T08:44:30.000Z","","2020-07-01T09:26:30.000Z","","GC RDC Team Report with SA Status","","00D0b000000GaMpEAK","Projects_with_PM_Region_SA_and_Assignment__c","2020-07-01T09:26:30.000Z"
"0050b000004KAjDAAW","2019-06-14T22:49:07.000Z","","Projects_Created_Day_nxr","Public Reports","Summary","00O0b000005yML2EAM","false","0050b000004KAjDAAW","2019-06-14T22:49:07.000Z","","2019-08-27T11:27:47.000Z","","Projects Created /Day","","00D0b000000GaMpEAK","","2019-08-27T11:27:47.000Z"
"0050b000004KV55AAG","2019-06-17T10:58:06.000Z","","Copy_of_EMEA_WIP_Report_Marie","Public Reports","Tabular","00O0b000005yMfvEAE","false","0050b000004KV55AAG","2019-06-17T10:58:06.000Z","","2021-08-19T09:26:35.000Z","","Copy of EMEA WIP Report - Marie","","00D0b000000GaMpEAK","","2021-08-19T09:26:35.000Z"
"0050b000004KTsmAAG","2019-06-17T19:25:40.000Z","All US and CA projects with the Data_Protection_Suite skills on the PM Activities WO/Task.","NAMER_Data_Protection_Projects","Public Reports","Tabular","00O0b000005yMj4EAE","false","0050b000004KTsmAAG","2019-06-17T19:26:38.000Z","","2022-05-17T22:00:02.000Z","","NAMER - Data Protection Projects","","00D0b000000GaMpEAK","Project_Skills__c","2022-05-17T22:00:02.000Z"
"0050b000004KSpWAAW","2019-06-19T06:16:18.000Z","Billable+Re","Copy_of_Copy_of_Copy_of_Hanet_GC_Proje","Public Reports","Tabular","00O0b000005yMvZEAU","false","0050b000004KSpWAAW","2019-06-19T06:16:18.000Z","","2020-01-07T19:26:44.000Z","","Copy of Copy of Copy of Hanet-GC - Proje","","00D0b000000GaMpEAK","Project_to_Task_to_Work_Order_2__c","2020-01-07T19:26:44.000Z"
"0050b000004KSRBAA4","2019-06-19T19:32:29.000Z","","Brown_PE_report","Public Reports","Tabular","00O0b000005yN0ZEAU","false","0050b000004KSRBAA4","2019-06-20T16:04:44.000Z","","2022-01-30T21:22:00.000Z","","Brown PE report","","00D0b000000GaMpEAK","Project_to_Task_to_Work_Order_2__c","2022-01-30T21:22:00.000Z"
"0050b000004KRjvAAG","2019-06-19T21:20:19.000Z","","South_Team","Public Reports","Tabular","00O0b000005yN1XEAU","false","0050b000004KRjvAAG","2019-06-19T21:20:43.000Z","","2021-08-20T10:32:50.000Z","","South Team","","00D0b000000GaMpEAK","Project_to_Task_to_Work_Order_2__c","2021-08-20T10:32:50.000Z"
"0050b000004KTsmAAG","2019-06-19T22:23:30.000Z","Zero dollar orders for invoiceable (I) excluding ""No Charge"" and other concession orders.","Zero_Dollar_Orders_v2","Public Reports","Tabular","00O0b000005yN1wEAE","false","0050b000004KTsmAAG","2019-06-19T22:23:30.000Z","","2021-03-10T05:07:59.000Z","","Zero Dollar Orders v2","","00D0b000000GaMpEAK","OrderList@Account.tz__DST_Setting__c","2021-03-10T05:07:59.000Z"
"0050b000005CdLfAAK","2019-06-20T13:27:12.000Z","Zero dollar orders for invoiceable (I) excluding ""No Charge"" and other concession orders.","Copy_of_Zero_Dollar_Orders_JA_qDm","Public Reports","Tabular","00O0b000005yN8dEAE","false","0050b000005CdLfAAK","2019-06-20T13:27:12.000Z","","2019-06-21T20:59:13.000Z","","Copy of Zero Dollar Orders JA","","00D0b000000GaMpEAK","OrderList@Account.tz__DST_Setting__c","2019-06-21T20:59:13.000Z"
"0050b000004KSRBAA4","2019-06-20T16:06:20.000Z","","VxRail_Brown_Region","Public Reports","Tabular","00O0b000005yN9lEAE","false","0050b000004KSRBAA4","2019-09-26T18:51:11.000Z","","2021-03-25T15:07:17.000Z","","VxRail - Brown Region","","00D0b000000GaMpEAK","Project_Skills__c","2021-03-25T15:07:17.000Z"
"0050b000004KPHlAAO","2019-06-24T01:30:27.000Z","All US and CA projects with the Solution_VxRail skills on the PM Activities WO/Task.","LATAM_VxRail_Projects","Public Reports","Tabular","00O0b000005yNdvEAE","false","0050b000004KPHlAAO","2019-08-05T14:16:28.000Z","","2020-10-19T17:47:40.000Z","","LATAM - VxRail Projects","","00D0b000000GaMpEAK","Project_Skills__c","2020-10-19T17:47:40.000Z"
"0050b000004KSpWAAW","2019-06-25T02:57:41.000Z","Testing reporting Util","Copy_of_GC_Timecards_Report","Public Reports","Tabular","00O0b000005yNnHEAU","false","0050b000004KSpWAAW","2019-06-25T02:57:41.000Z","","2022-06-14T17:47:47.000Z","","Copy of GC Timecards Report","","00D0b000000GaMpEAK","","2022-06-14T17:47:47.000Z"
"0050b000004KQK2AAO","2019-06-25T04:07:25.000Z","","zheng_jin_Timecards_Report","Public Reports","Summary","00O0b000005yNnlEAE","false","0050b000004KQK2AAO","2019-06-27T07:50:21.000Z","","2020-06-22T00:55:47.000Z","","zheng jin Timecards Report","","00D0b000000GaMpEAK","","2020-06-22T00:55:47.000Z"
"0050b000004KJ6uAAG","2019-06-25T23:47:36.000Z","","Project_Count_by_Phase_and_Argentina","Public Reports","Summary","00O0b000005yNv6EAE","false","0050b000004KJ6uAAG","2019-06-25T23:47:36.000Z","","2019-06-25T23:53:33.000Z","","Project Count by Phase and Argentina","","00D0b000000GaMpEAK","","2019-06-25T23:53:33.000Z"
"0050b000004KJCcAAO","2019-07-09T07:05:10.000Z","","copy_of_EMEA_SORT_review_Emerging1","Public Reports","Tabular","00O0b000005yPsdEAE","false","0050b000004KJCcAAO","2020-09-01T13:39:41.000Z","","2021-09-21T16:10:26.000Z","","EMERGING MARKET SORT review","","00D0b000000GaMpEAK","Projects_with_Milestones_with_Orders__c","2021-09-21T16:10:26.000Z"
"0050b000004KUNqAAO","2019-07-01T13:44:02.000Z","","Fred_s_FEs","Public Reports","Tabular","00O0b000005yOj1EAE","false","0050b000004KUNqAAO","2019-07-08T13:12:32.000Z","","2021-05-12T12:55:16.000Z","","Fred's FEs","","00D0b000000GaMpEAK","Project_to_Task_to_Work_Order_2__c","2021-05-12T12:55:16.000Z"
"0050b000004K7hLAAS","2019-07-03T05:47:11.000Z","","Korea_Dispatch_Report1","Public Reports","Tabular","00O0b000005yP07EAE","false","0050b000004K7hLAAS","2019-07-03T05:47:11.000Z","","2020-02-06T05:09:20.000Z","","Korea Dispatch Report","","00D0b000000GaMpEAK","OrderItemList@Account.tz__DST_Setting__c","2020-02-06T05:09:20.000Z"
"0050b000004KTsmAAG","2019-07-31T20:14:08.000Z","NAMER (US/CA) active Data Projection projects (detailed order view).","NAMER_Data_Protection_WIP_v1","Public Reports","Summary","00O0b000005ySxREAU","false","0050b000004KTsmAAG","2019-08-02T20:59:59.000Z","","2020-04-14T13:10:41.000Z","","NAMER - Data Protection WIP v1","","00D0b000000GaMpEAK","OrderItemList@Account.tz__DST_Setting__c","2020-04-14T13:10:41.000Z"
"0050b000004KTsmAAG","2019-07-31T20:14:53.000Z","NAMER (US/CA) active Data Projection projects (simple view).","NAMER_Data_Protection_WIP_v2","Public Reports","Summary","00O0b000005ySxbEAE","false","0050b000004KTsmAAG","2019-09-16T19:55:22.000Z","","2020-03-16T17:35:53.000Z","","NAMER - Data Protection WIP v2","","00D0b000000GaMpEAK","OrderItemList@Account.tz__DST_Setting__c","2020-03-16T17:35:53.000Z"
"0050b000004KTsmAAG","2019-07-31T20:25:11.000Z","NAMER (US/CA) active Data Projection projects (combo view).","NAMER_Data_Protection_WIP_v3","Public Reports","Summary","00O0b000005ySxgEAE","false","0050b000004KTsmAAG","2019-08-02T16:38:07.000Z","","2020-02-06T20:15:50.000Z","","NAMER - Data Protection WIP v3","","00D0b000000GaMpEAK","OrderItemList@Account.tz__DST_Setting__c","2020-02-06T20:15:50.000Z"
"0050b000004KPGZAA4","2019-07-11T20:06:35.000Z","","Matts_Dashboard_report","Public Reports","Tabular","00O0b000005yQGQEA2","false","0050b000004KPGZAA4","2019-07-11T20:44:10.000Z","","2020-12-21T16:59:51.000Z","","Matts Dashboard report","","00D0b000000GaMpEAK","Project_to_Task_to_Work_Order_2__c","2020-12-21T16:59:51.000Z"
"0050b000004KTsmAAG","2019-07-16T15:17:56.000Z","All orders","Global_Orders","Public Reports","Tabular","00O0b000005yQufEAE","false","0050b000004KTsmAAG","2020-07-09T18:51:59.000Z","","2021-11-19T02:40:12.000Z","","Global Orders","","00D0b000000GaMpEAK","OrderList@Account.tz__DST_Setting__c","2021-11-19T02:40:12.000Z"
"0050b000004KRkCAAW","2019-07-16T20:57:21.000Z","","Team_Canada_Assignments","Public Reports","Tabular","00O0b000005yQx5EAE","false","0050b000004KRkCAAW","2021-04-23T01:42:33.000Z","","2022-04-08T18:50:53.000Z","","Team Canada Assignments","","00D0b000000GaMpEAK","","2022-04-08T18:50:53.000Z"
"0050b000004KRkCAAW","2019-07-16T23:14:48.000Z","","Team_USA_SE_Assignments","Public Reports","Tabular","00O0b000005yQyDEAU","false","0050b000004KRkCAAW","2019-07-16T23:19:13.000Z","","2020-10-29T14:36:54.000Z","","Team USA-SE Assignments","","00D0b000000GaMpEAK","","2020-10-29T14:36:54.000Z"
"0050b000004KSRBAA4","2019-07-17T21:13:25.000Z","","Upcoming_jobs_Brown","Public Reports","Tabular","00O0b000005yR6lEAE","false","0050b000004KSRBAA4","2019-07-17T21:13:25.000Z","","2019-10-11T15:41:01.000Z","","Upcoming jobs - Brown","","00D0b000000GaMpEAK","Project_to_Task_to_Work_Order_2__c","2019-10-11T15:41:01.000Z"
"0050b000004KVrDAAW","2019-07-22T22:56:33.000Z","","Projects_By_Phase_ACS","Public Reports","Summary","00O0b000005yRmSEAU","false","0050b000004KVrDAAW","2019-07-22T22:56:33.000Z","","2021-06-30T17:45:18.000Z","","Projects By Phase - ACS","","00D0b000000GaMpEAK","","2021-06-30T17:45:18.000Z"
"0050b000004KTsmAAG","2019-07-23T15:22:17.000Z","All SKU Mappings in FF","Readiness_IDS_SKU_Mappings_in_FF","Public Reports","Tabular","00O0b000005yRs6EAE","false","0050b000004KTsmAAG","2019-07-23T19:42:30.000Z","","2020-11-10T21:09:40.000Z","","Readiness IDS SKU Mappings in FF","","00D0b000000GaMpEAK","CustomEntity$SKU_Effort_Map__c","2020-11-10T21:09:40.000Z"
"0050b000004KTsmAAG","2019-04-03T15:45:43.000Z","Projects with Related PID not blank and WO/SA for non- Physical Installation tasks for DMT booked task migration (Test)","Migrated_Projects_Work_Orders_and_SAs","Public Reports","Tabular","00O0b000006KA7LEAW","false","0050b000004KTsmAAG","2019-04-11T07:27:03.000Z","","2021-11-17T08:10:19.000Z","","Migrated Projects - Work Orders and SAs","","00D0b000000GaMpEAK","Project_to_Task_to_Work_Order__c","2021-11-17T08:10:19.000Z"
"0050b000004KBpCAAW","2019-04-04T13:30:48.000Z","EMEA Heat Check Notes","EMEA_Heat_Check_Notes_Report","Public Reports","Tabular","00O0b000006iIC1EAM","false","0050b000004KBpCAAW","2019-09-17T16:13:09.000Z","","2022-05-10T16:11:09.000Z","","EMEA Heat Check Notes Report","","00D0b000000GaMpEAK","","2022-05-10T16:11:09.000Z"
"0050b000004KSRBAA4","2019-08-07T20:52:53.000Z","NAMER (US/CA) active Data Projection projects (detailed order view).","Brown_NAMER_Data_Protection_WIP_v1","Public Reports","Summary","00O0b000005yTvCEAU","false","0050b000004KSRBAA4","2019-08-08T16:54:07.000Z","","2022-06-17T15:17:43.000Z","","Brown- NAMER - Data Protection WIP v1","","00D0b000000GaMpEAK","OrderItemList@Account.tz__DST_Setting__c","2022-06-17T15:17:43.000Z"
"0050b000004KTsmAAG","2019-08-09T19:30:43.000Z","","Closed_Projects_with_Open_Milestones","Public Reports","Summary","00O0b000005yUC8EAM","false","0050b000004KTsmAAG","2020-06-26T19:22:34.000Z","","2022-02-08T04:45:05.000Z","","Closed Projects with Open Milestones","","00D0b000000GaMpEAK","Projects_with_Milestones_with_Orders__c","2022-02-08T04:45:05.000Z"
"0050b000004KTsmAAG","2019-04-05T15:04:54.000Z","Projects with Related PID not blank and WO/SA for non- Physical Installation tasks for DMT booked task migration","DMT_Migrated_Projects_WO_and_orders","Public Reports","MultiBlock","00O0b000006iILcEAM","false","0050b000004KTsmAAG","2019-04-05T15:04:54.000Z","","2022-03-04T11:50:05.000Z","","DMT Migrated Projects - WO and orders","","00D0b000000GaMpEAK","Project_to_Task_to_Work_Order__c","2022-03-04T11:50:05.000Z"
"0050b000004KTsmAAG","2021-09-28T20:47:37.000Z","Shows all outstanding milestone forecasts.  Modified Minchello version to all NE for dashboard.","NorthEast_PDM_1_1_Total_Forecast","Public Reports","Summary","00O2R000003JWloUAG","false","0050b000004KTsmAAG","2021-09-28T20:49:38.000Z","","2022-06-15T18:57:47.000Z","","NorthEast PDM 1:1 Total Forecast","","00D0b000000GaMpEAK","Projects_with_MilestoneOrder_and_Order_Product__c","2022-06-15T18:57:47.000Z"
"0050b000004KTsmAAG","2021-09-28T20:55:19.000Z","Shows milestones forecasted within current quarter.  Based on Minchello version for NE compliance dashboard.","NorthEast_PDM_1_1_Quarter_Forecast","Public Reports","Summary","00O2R000003JWltUAG","false","0050b000004KTsmAAG","2021-09-28T20:56:35.000Z","","2022-06-19T13:00:02.000Z","","NorthEast PDM 1:1 Quarter Forecast","","00D0b000000GaMpEAK","Projects_with_MilestoneOrder_and_Order_Product__c","2022-06-19T13:00:02.000Z"
"0050b000004KTsmAAG","2021-09-28T20:59:53.000Z","Shows unearned milestones forecasted within current quarter.  Modified from Minchello version for NE compliance dashboard.","NorthEast_PDM_1_1_Quarter_Forecast_To_Go","Public Reports","Summary","00O2R000003JWlyUAG","false","0050b000004KTsmAAG","2021-09-28T21:26:20.000Z","","2022-06-19T13:00:02.000Z","","NorthEast PDM 1:1 Quarter Forecast To Go","","00D0b000000GaMpEAK","Projects_with_MilestoneOrder_and_Order_Product__c","2022-06-19T13:00:02.000Z"
"0050b000004KTsmAAG","2019-05-17T05:19:58.000Z","Projects with Related PID not blank and WO/SA for non- Physical Installation tasks for DMT booked task migration (Test)","Migrated_Projects_Work_Orders_All","Public Reports","Tabular","00O0b000006iNo5EAE","false","0050b000004KTsmAAG","2019-05-17T05:20:41.000Z","","2021-07-14T11:30:22.000Z","","Migrated Projects - Work Orders (All)","","00D0b000000GaMpEAK","Project_to_Task_to_Work_Order__c","2021-07-14T11:30:22.000Z"
"0050b000004KTsmAAG","2019-05-30T16:45:53.000Z","","Project_and_Milestone_status_with_Orders","Public Reports","Tabular","00O0b000006iPqSEAU","false","0050b000004KTsmAAG","2019-06-06T16:34:13.000Z","","2020-12-22T12:51:23.000Z","","Project and Milestone status with Orders","","00D0b000000GaMpEAK","Projects_with_Milestones_with_Orders__c","2020-12-22T12:51:23.000Z"
"0050b000004KAjDAAW","2019-08-21T18:42:13.000Z","","Copy_of_Open_Milestone_with_Financials","Public Reports","Tabular","00O1P0000037IfuUAE","false","0050b000004KAjDAAW","2019-08-21T18:42:13.000Z","","2021-09-13T17:57:13.000Z","","Copy of Open Milestone with Financials","","00D0b000000GaMpEAK","OrderItemList@Account.tz__DST_Setting__c","2021-09-13T17:57:13.000Z"
"0050b000005JfILAA0","2019-09-26T15:29:19.000Z","","MX_MCLA_CE_Survey_Fields_Compliance1","Public Reports","Summary","00O1P0000037KNJUA2","false","0050b000005JfILAA0","2019-10-24T23:23:33.000Z","","2021-01-07T20:43:18.000Z","","MX/MCLA - CE Survey Fields Compliance","","00D0b000000GaMpEAK","","2021-01-07T20:43:18.000Z"
"0050b000004KX58AAG","2019-09-30T16:27:24.000Z","","Silva_Report","Public Reports","Tabular","00O1P0000037KYbUAM","false","0050b000004KX58AAG","2019-09-30T16:27:24.000Z","","2019-09-30T20:52:57.000Z","","Silva Report","","00D0b000000GaMpEAK","Project_to_Task_to_Work_Order_2__c","2019-09-30T20:52:57.000Z"
